name,gender,age,annual_income,spending_frequency,actual_spending
Teresa Williams MD,Female,42,53936,0.9,13227.12
Christine Myers,Female,49,82468,0.6,12674.04
Dwayne Moreno,Male,55,56941,0.3,5354.115
Amy Norton,Female,24,60651,0.2,2606.51
Tonya Adams,Male,64,81884,0.9,18984.78
Charles Smith,Male,24,61444,1,18072.2
Misty Moody,Male,58,78024,0.9,21511.08
Brian Kent,Male,34,32225,0.7,6727.875
Stacie Ray,Male,63,63664,0.4,9273.28
Brian Townsend,Male,64,45043,1,16252.15
Samantha Bailey,Male,32,91170,0.8,12446.8
Christopher Wright,Male,23,86576,0.8,11463.04
John Harrington,Female,24,36359,0.9,12436.155
Gregory Franklin,Male,39,78325,0.2,3783.25
Jordan Garrett,Female,56,95451,0.4,9509.02
Barbara Fuller,Male,36,44475,0.1,1522.375
Eric Rogers,Female,57,29055,0.2,4690.55
Christopher Fleming,Male,61,25064,0.2,3250.64
Sandra Wheeler,Female,62,88392,0.4,9367.84
Elizabeth Guzman,Female,31,79056,0.8,15162.24
Kathleen Mata,Female,60,62509,1,17125.45
Jack Perry,Male,25,44953,0.4,5699.06
Tyler Silva,Female,19,48896,0.6,5666.88
Joy Carter,Male,28,28151,0.2,3881.51
Jody Collins,Male,27,95217,0.9,11484.765
Elizabeth Brown,Male,56,36311,0.4,5526.22
Mrs. Brandy Tate,Male,56,31997,0.6,12959.91
Janet Miller,Male,25,45505,0.3,2182.575
Mary Smith,Male,63,47600,0.1,2238
Denise Martin,Male,61,33303,0.5,10832.575
Michael Brown,Male,22,59460,0.6,4783.8
Craig Thomas,Male,45,86012,0.8,11440.48
Ashley Cain,Male,20,46129,0.5,7653.225
Carolyn Wilson,Male,40,46661,0.1,1733.305
Allison Chen,Male,61,64867,0.9,16419.015
Crystal Jacobson,Male,34,42913,0.1,1814.565
Rhonda Gordon,Female,48,66812,0.7,14238.42
Jenna Cowan,Female,60,93478,0.1,2167.39
Taylor Yang,Male,47,25989,0.9,14669.505
Judy Moses,Male,35,83154,0.6,9094.62
Eric Farmer,Female,57,97368,1,23868.4
Meghan Hansen,Female,26,74318,0.2,4343.18
Susan Jones,Male,18,40981,0.4,4819.62
Mr. Anthony Powell Jr.,Female,32,94468,0.7,15906.38
Tony Hayes,Male,20,26131,0.3,4891.965
Brianna Price MD,Male,46,40668,0.8,13626.72
Kelly Guerrero,Female,51,25100,0.8,12204
Kendra Cook,Female,38,26534,0.7,14928.69
Anthony Simpson,Male,30,21930,0.7,8467.55
Nicole Simpson,Female,61,20444,0.4,8008.88
Sydney Smith,Male,18,44963,0.2,1449.63
Heather Wright,Male,56,56697,0.3,5950.455
Margaret Taylor,Female,24,30662,0.1,1653.31
Charles Mitchell,Male,35,53618,0.3,3804.27
David Harris,Female,59,40242,0.5,8006.05
Kim Perry,Male,19,46966,0.5,3674.15
Ashley Chambers,Male,53,94379,0.1,2371.895
Linda Saunders,Female,65,77074,0.6,15512.22
Amber Jensen,Male,52,69227,1,18461.35
Joseph Mitchell,Male,36,39794,0.5,7494.85
Brittney Wright,Female,39,32282,0.6,11168.46
Derek Ibarra,Male,57,55339,0.3,4430.085
William Torres,Female,27,71746,0.9,16728.57
Melissa Green,Male,26,82660,0.4,5653.2
Harry Hodges,Female,21,88557,0.2,2885.57
Timothy Shaffer,Female,37,59220,0.7,13972.7
Chase Bryant,Male,24,82128,0.6,10263.84
Kristen Mccoy,Male,39,35205,0.8,15808.2
Tamara Morgan,Male,45,63919,0.3,5458.785
Stephanie Clayton,Female,28,28629,0.2,2286.29
Erika Lowery,Male,30,70438,0.1,1152.19
Richard Sanford,Female,24,78791,0.8,12751.64
Vanessa Hernandez,Male,55,30965,0.6,12928.95
Jason Neal,Female,32,76521,0.4,6730.42
Cameron Shields,Male,40,23620,0.9,10062.9
Ashley Rodriguez,Male,46,85154,0.7,9980.39
Karen Jackson,Male,34,48297,1,10414.85
Jonathan Sullivan,Male,27,80084,0.7,10502.94
Margaret Olson,Male,41,98150,0.8,11926
Thomas Watson,Female,27,88318,0.8,17932.72
Ms. Megan Lucas,Female,61,85358,0.4,10507.16
Stephanie Smith,Male,52,64593,0.6,9137.79
Courtney Young,Male,38,53670,1,15683.5
Thomas Miller,Female,27,81660,0.2,3816.6
Mrs. Sabrina Weaver MD,Male,23,49503,0.3,2242.545
Tracy Shaw,Female,20,78797,0.6,6563.91
Vanessa Fox,Male,28,68669,0.9,17490.105
Jessica Oliver,Male,42,87895,1,14394.75
Benjamin Coleman,Female,22,57966,0.9,11608.47
Susan Perez,Female,56,70930,1,25546.5
Shannon Lloyd,Male,55,20031,0.3,3900.465
Jessica Sanders PhD,Female,37,28601,0.8,14744.04
Connor Aguirre,Female,34,70352,0.7,15062.32
Betty Sanders DVM,Male,21,51319,0.5,5282.975
Joshua Holland,Female,64,24709,0.8,12188.36
Bradley Lewis,Male,44,98900,0.2,4589
Lisa Myers,Male,61,73888,0.1,2069.44
Lindsay Fisher,Female,57,80146,0.1,2600.73
Kevin Torres,Female,24,22651,0.1,1113.255
Jessica Flores,Male,56,33800,0.9,16821
Ashley Fry,Female,59,70254,0.8,16410.16
Todd Deleon,Male,25,64284,0.2,3242.84
Samuel Simon,Female,61,70809,0.5,10270.225
Randall Jackson,Male,65,25004,0.7,11375.14
Jessica Flowers,Female,46,79699,0.6,11390.97
Tiffany Sutton,Male,58,25240,0.8,10609.6
Cheryl Lane,Male,34,50101,0.2,2701.01
Jacob White,Female,58,34869,0.3,6223.035
Larry Reyes,Female,45,33731,0.7,9580.585
Diana Jones,Male,22,40467,0.1,1502.335
Derrick Williams,Female,46,23949,0.8,16957.96
Mrs. Peggy Weaver,Female,38,66203,0.2,3062.03
Kaylee Moore,Female,25,65278,0.6,6158.34
Sean Hughes DDS,Male,29,67946,0.2,2879.46
Erika Bush,Male,56,20423,0.4,6408.46
Kelly Morris,Male,60,58438,0.6,8953.14
Chelsey Garcia,Male,62,38597,0.3,5078.955
Barbara Thompson,Male,47,65147,0.5,10628.675
Kevin Cole,Male,26,67479,0.6,8624.37
Richard Scott,Female,48,92509,0.6,12975.27
Rodney Miller,Male,29,89891,1,12494.55
Richard Harris,Male,37,39257,0.3,5988.855
Jonathon Powell,Female,32,51019,0.3,4665.285
Michael Brown,Female,36,26062,0.3,6390.93
Peter Reid,Male,56,30213,0.2,4302.13
Destiny Singh,Female,26,92191,0.7,13726.685
Brent Rich,Male,65,59063,0.6,13771.89
Seth Johnson,Male,23,68399,0.9,14777.955
James David,Female,21,21104,0.7,11238.64
Alice Torres,Female,64,46737,0.6,14602.11
Paul Lopez,Female,36,44308,0.2,2843.08
Anna Carter,Male,35,78479,0.7,10446.765
Benjamin Smith,Female,29,42903,0.4,8058.06
Richard Barnes,Male,47,66578,0.8,14663.12
Jonathan Michael,Male,58,46691,0.5,11167.275
Anthony Bell,Female,18,21019,0.4,6420.38
Ashley Riggs,Male,37,91461,1,19573.05
Jeffrey Hardy,Female,27,32131,0.8,15685.24
Robin Miller,Female,32,22833,0.2,3228.33
Rebecca Hammond,Male,35,53629,0.7,7477.015
Thomas Perez,Female,51,33373,0.5,11834.325
Kristin Collins,Female,40,98041,0.2,3980.41
Caitlyn Nguyen,Male,20,60056,0.9,11702.52
Emily Williams,Male,39,41437,0.2,3014.37
Jessica Walker,Female,44,88135,0.3,6422.025
David Jones,Male,54,73844,0.9,14122.98
Kristi Stevens,Female,43,77981,0.6,12539.43
Michelle Jordan,Male,54,36160,0.2,3361.6
Alexis Ortega,Female,42,38288,0.9,19722.96
Cheyenne Wright,Female,60,81953,0.7,16168.355
Ashley Rodriguez,Female,31,85741,0.6,13372.23
John Schmitt,Male,49,59345,0.3,6290.175
Renee Shelton,Female,65,48274,0.1,1641.37
John Ford,Female,40,21325,0.9,18959.625
Dawn Carter,Male,22,20841,0.6,8425.23
Marcus Walker,Male,20,55432,0.5,3885.8
Sharon Haney,Male,64,95084,0.5,9877.1
Terri Miller,Male,30,80410,0.6,12012.3
Kathy Lee,Male,42,75274,0.7,13134.59
Melissa Moore,Female,27,88702,0.6,10461.06
Rachel Evans,Male,26,78212,0.6,8946.36
Adam Murray,Male,42,71057,0.4,9421.14
Melinda Murphy,Female,30,96877,0.1,1784.385
James Johnson,Male,42,31096,0.3,4366.44
Angela Walter,Male,41,50548,1,15527.4
Andrew Morris,Male,37,66277,0.7,12819.695
Patrick Wiggins,Male,47,96147,0.8,18245.88
Tom Baker,Female,49,48235,0.6,13447.05
Clayton Garrison,Male,35,26888,0.3,2803.32
Matthew Smith,Male,40,20934,0.3,4814.01
Ashley Maldonado,Female,22,99775,0.7,10492.125
Adam Ortiz,Male,53,45277,0.6,13358.31
Scott Gray,Male,56,61815,0.6,9054.45
Scott Wilcox,Female,52,53488,0.1,2167.44
Amy Cannon,Male,51,68326,0.2,3683.26
Daisy Walter,Female,31,46426,0.5,7660.65
John Koch,Female,61,87751,0.7,16371.285
Anthony Castillo,Female,34,51452,0.1,1757.26
Michael Griffin,Male,37,80415,0.8,11216.6
Julia George,Female,64,74017,0.8,14160.68
Kevin Huff,Female,47,31221,0.2,2712.21
Omar Suarez,Male,33,74265,0.4,5885.3
Kathleen Barton,Male,46,93270,0.7,15864.45
Vanessa Stevens,Male,20,84227,0.4,4884.54
Marcus Brown,Female,26,61890,0.7,12666.15
Jeffrey Haley,Female,24,58881,0.8,10355.24
David Myers,Female,50,55723,0.4,7914.46
Felicia Fisher,Male,19,42619,0.7,4991.665
Ashley Curtis,Male,33,20844,0.9,12637.98
Troy Mendoza,Female,50,35963,0.7,9658.705
Leonard Acevedo,Male,59,94012,0.6,11220.36
Kelly Ritter,Female,32,51475,0.2,3114.75
Tom Gonzales,Female,51,50618,0.6,12918.54
Elizabeth Benson,Female,58,96291,0.3,7144.365
Bradley Chavez,Male,26,68101,1,16405.05
Kristen Davis,Male,58,71849,0.3,5577.735
Debra Hogan,Male,29,47066,0.8,10682.64
Derek Garcia,Male,54,37318,0.4,6746.36
Kevin Kemp,Female,42,85334,0.2,3853.34
Johnny Johnson,Male,57,84120,0.8,16964.8
Jeremy Peters,Male,37,92813,0.3,5292.195
Jeffrey Ramos DDS,Female,60,91569,0.6,15947.07
Christopher Nichols,Male,63,38015,1,18900.75
Mary Jones,Male,43,58237,0.7,12538.295
Carl Carter,Male,21,61308,0.4,3226.16
Carrie Nichols,Female,39,54092,0.6,10622.76
Anthony Paul,Male,60,22225,0.6,10866.75
Mary Robbins,Male,54,66323,0.1,1831.615
Caleb Smith,Male,49,51649,0.1,1258.245
John Reed,Male,18,28722,0.1,1143.61
James Mayer,Female,40,48380,0.8,13935.2
Mary Powell,Male,45,60888,0.3,5413.32
Russell Olson,Female,59,70157,0.1,2550.785
Jennifer Johnson,Female,44,25497,1,21274.85
Luis Reed,Female,25,42454,0.1,1712.27
Kevin Burch,Male,50,30439,0.6,8713.17
Joshua Munoz,Male,33,22880,0.3,3643.2
Shelby Arnold,Male,65,75990,1,15799.5
Victoria Montes,Female,24,98901,0.1,1494.505
James Nguyen Jr.,Female,34,23573,0.1,1917.865
Danielle Fuentes,Male,49,58369,0.3,5375.535
Theresa Garcia,Male,47,41270,0.7,11944.45
Rebecca Whitaker,Female,39,71457,0.1,2357.285
Andrea Lin,Female,37,24578,0.9,19106.01
Jamie Lee,Female,54,79758,0.7,12591.53
Michelle Williams,Male,64,65428,0.8,18617.12
Carol Oliver,Male,21,24492,0.5,5612.3
Christopher Sherman,Female,61,89372,0.9,19321.74
Jennifer Hunter,Female,39,47390,0.2,3873.9
Stephen Brewer,Female,54,96827,0.9,19657.215
Danielle Todd,Female,61,40061,0.6,11401.83
Gregory Moore,Male,65,94038,0.3,5010.57
Alexandra Diaz,Female,40,58459,0.6,11953.77
Tabitha Gonzales,Female,49,42286,0.1,2211.43
Kevin Baker,Male,27,36495,0.6,10694.85
Nicole Williams,Female,18,44596,0.2,2845.96
Curtis Beasley,Female,53,42784,0.9,19025.28
John Guzman,Male,28,95980,0.2,3159.8
Sarah Hernandez,Female,50,54833,0.5,11370.825
Benjamin Brown,Male,36,56757,0.5,10418.925
Diane Small DVM,Female,52,44902,0.7,14871.57
Ashley Bird,Male,27,93830,0.7,10984.05
Susan Pham,Female,41,93609,0.7,11676.315
Kathleen Rodriguez,Male,58,67477,0.9,13836.465
Stephanie Jones,Male,28,85141,0.1,1725.705
Abigail Shaw,Male,64,55975,0.3,5339.625
Samantha Saunders,Male,44,51029,0.8,16441.16
Lisa Brown,Male,50,41559,0.8,12062.36
Mary Smith,Female,22,55632,0.5,8890.8
Timothy Adkins,Male,45,31878,0.5,9296.95
Michele Chang,Female,19,52841,0.4,3856.82
Andrea Russell,Female,43,71021,0.1,2355.105
Kimberly Craig,Female,55,94552,0.3,7118.28
Charles Moore,Female,54,23185,0.7,14111.475
Mary Miranda,Male,48,30680,1,11534
Emily Nixon,Female,40,29092,0.4,5381.84
Patricia Villarreal,Male,63,25651,0.6,12769.53
David Kirby,Female,19,36419,0.5,8410.475
Brandon Jackson,Male,44,72979,0.5,8324.475
April Meyer,Male,50,36434,0.3,4446.51
John Green,Male,48,92737,0.7,10245.795
Tonya Gamble,Female,29,30581,0.9,10376.145
Michael Davis,Female,29,54205,0.6,9426.15
Brittney Ball,Female,62,87821,0.8,18712.84
Emily Garcia,Female,27,25059,1,14252.95
Isaiah Weaver,Male,29,29390,0.4,5787.8
Jennifer Ramirez,Female,59,80118,0.9,18905.31
Daniel Chen,Female,28,82453,0.9,15410.385
Grace Howard,Male,21,20322,0.2,2203.22
Tonya Thomas,Female,24,94746,0.8,13389.84
Ryan Johnson,Female,39,35577,0.3,5633.655
Leah Wilson,Male,38,36397,0.1,1481.985
Christopher Walker,Male,39,74242,0.1,1371.21
Jason Meyers,Female,62,26846,1,23342.3
Lisa Carter,Male,63,30147,0.7,12955.145
Jill Ward,Female,21,99186,1,16959.3
Bruce Ramirez,Female,34,74031,0.3,6510.465
John Swanson,Female,19,44968,0.7,9973.88
Kenneth Vazquez,Female,22,36169,0.1,880.845
Andrew Collier,Male,40,72922,1,16646.1
Jason Pollard,Male,62,79831,0.9,18892.395
Cathy Hunter,Female,65,30544,0.1,2352.72
Bradley Rice,Female,52,23643,0.9,18163.935
Brian Hamilton,Male,24,66995,0.2,2669.95
Amber Moreno,Male,48,87711,0.5,8692.775
Michael Snyder,Male,20,64261,0.3,4863.915
Jeremy Hogan,Male,53,42887,0.3,5143.305
Nicole Long,Male,58,23125,0.8,14525
Glenda Watson,Female,58,49678,0.4,6593.56
Veronica Adams,Female,58,42284,0.4,8445.68
Dennis Watson,Male,40,75148,0.8,13405.92
Sandra Garner,Male,41,94044,0.1,2270.22
Michael Bishop,Male,28,42539,0.3,5438.085
Ryan Hunter,Male,19,86858,0.1,1434.29
Christopher Mendoza,Male,20,95104,1,9755.2
Jesus Stewart,Male,27,23465,0.7,12021.275
Breanna Griffin,Female,45,38065,0.6,10141.95
Karen Sanders,Male,50,29574,0.3,5843.61
Christopher Knox,Male,44,76562,0.7,11079.67
Laurie Willis,Female,33,49495,0.7,14332.325
Terri Lara,Female,33,96202,0.2,4562.02
Clifford Haynes,Female,34,91085,0.1,1955.425
Amy Petty,Female,56,56212,0.1,1981.06
Matthew Lopez,Male,57,33980,0.9,21329.1
Amanda Rice,Male,21,23512,0.7,9922.92
Sylvia Lee,Female,64,33738,0.8,18949.52
Leslie Sullivan,Female,56,42230,0.6,11466.9
Lisa Reyes,Female,48,97359,0.5,9933.975
Mr. Curtis Kemp,Male,50,65274,0.3,5479.11
Roberta Morgan,Female,58,87989,0.1,2639.945
Erik Brown,Female,30,96504,0.6,10695.12
Todd Gonzalez,Female,36,58156,0.9,13417.02
Jennifer Taylor,Male,45,55267,0.7,14534.345
Ana Ryan,Male,64,37584,0.3,5663.76
Dr. Robert King Jr.,Male,25,24092,0.7,7843.22
Ian Moon,Female,54,29983,0.2,4699.83
Jason Wagner,Male,45,40049,0.4,6000.98
Jacob Adkins,Male,28,88852,0.3,3732.78
Thomas Anderson,Female,49,63931,0.2,4039.31
Maria Patel,Female,44,64888,0.9,16419.96
Michelle Rivera,Male,39,92807,0.5,11320.175
Zachary Romero,Female,33,71152,0.8,14846.08
George Walker,Female,50,73254,0.2,4732.54
Amanda Walker,Male,61,20644,1,16032.2
Mr. Richard Barry Jr.,Male,56,98090,1,19904.5
Lindsey Rodriguez,Male,50,42103,0.7,11973.605
Deborah Vasquez,Male,23,35125,0.6,4053.75
Matthew Leach,Female,64,34174,0.8,16566.96
Jeremy Thomas,Female,41,49978,0.3,6749.67
Jessica Hall,Male,53,23379,0.3,4850.685
Christopher Owens,Female,51,77433,0.7,14610.155
Sydney Molina,Male,34,70884,0.3,4363.26
Christopher Allen,Male,46,31376,1,19568.8
Nancy Wright,Female,43,86426,0.8,15457.04
Jaime Rodgers,Male,20,55217,0.9,8784.765
Joyce Cook,Female,49,54774,0.3,6821.61
Alex Sanchez,Female,32,59643,1,15982.15
Willie Lawson PhD,Female,27,28977,0.8,9159.08
Russell Young,Female,43,54803,0.8,11792.12
Matthew Rojas,Male,32,38490,0.6,8954.7
Mark Burton,Male,24,37931,1,6896.55
Jennifer Li,Male,53,24333,0.7,9251.655
Joseph Ramos,Female,53,81992,0.9,16289.64
Christopher Owen MD,Female,40,20674,0.4,5213.48
Rebekah Dorsey,Female,32,55973,0.4,7119.46
Hunter Phillips,Male,18,86712,0.6,9801.36
Diane Evans,Male,23,95191,0.7,10331.685
Eric Allen,Female,32,39067,0.4,7981.34
Sierra Harmon,Male,36,67076,0.5,10676.9
Aimee Mitchell,Male,42,72585,0.6,8177.55
Kyle Gilmore,Female,50,69012,0.6,11070.36
Andrew Cook,Female,45,72543,0.5,10313.575
Joseph Wilson,Male,24,35810,0.8,11032.4
Randy Ramirez,Female,27,44502,0.6,9135.06
Hannah Gibson,Male,49,70319,0.7,9461.165
Michael Watson,Female,47,72335,0.9,16755.075
Dr. John Moore,Female,37,61225,0.9,16255.125
Jason Thomas,Male,61,81835,0.6,9655.05
Austin Johns,Male,43,26373,1,19318.65
Derek Miranda,Female,20,54532,0.4,3890.64
Brandon Gardner,Male,64,34825,0.3,5622.375
Walter Simmons,Female,62,50635,0.1,1653.175
Michael Mason,Female,18,36994,0.2,1769.94
Stanley Thomas,Male,56,81091,0.4,6421.82
Robert Roman,Female,18,90376,0.3,3455.64
Kenneth Evans,Male,32,70060,0.8,15602.4
Edward Ewing,Female,18,69970,0.1,1349.85
Raymond Adkins,Female,57,96390,0.6,11291.7
Hayley Powell DVM,Female,63,79495,0.3,6892.425
Lindsay Hopkins,Male,56,33534,0.2,3735.34
Maria Torres,Male,35,37813,0.7,9023.455
Jeffrey Moreno,Female,31,75203,0.9,15084.135
James Owens,Male,50,82208,0.2,2822.08
Rebecca Blevins,Female,50,43419,0.8,17736.76
Chelsea French,Female,53,74554,0.5,10363.85
Andrew Farmer,Male,42,50613,0.8,14024.52
Lisa Romero,Female,33,73776,0.1,2168.88
Dominic Vargas,Male,46,78468,0.4,8769.36
Ebony Howell,Male,45,82551,0.8,15302.04
William Powell,Male,27,57161,0.6,11314.83
Christopher Woods,Female,59,88469,0.2,4284.69
Micheal Williams,Female,30,27732,0.3,3415.98
Thomas Williams,Male,39,41018,0.8,13640.72
Jared Adams,Male,42,85024,0.4,8900.48
Tracy Johnston,Male,28,64428,0.9,11899.26
Laura Carter,Female,30,88053,0.9,15662.385
Rebecca Palmer,Female,63,84676,1,21233.8
Adrienne Buchanan,Female,31,51846,0.8,10073.84
Matthew Perry,Female,56,20067,0.1,1800.335
Richard Johnson,Male,21,78093,1,11904.65
Olivia Johnson,Male,32,57538,0.6,11326.14
Richard Michael,Male,49,68842,0.9,14797.89
Miguel Fowler,Female,40,77527,0.6,14325.81
Virginia Huynh,Male,47,48806,0.2,3088.06
Jerry Warren,Female,27,90856,0.4,9017.12
Bradley Lowe,Male,41,73233,0.4,5464.66
Daniel Kennedy,Female,23,90889,0.4,7817.78
Jason Munoz,Male,58,89578,0.8,15583.12
Andrew Gould,Female,37,30260,1,13513
Gary Smith,Female,64,46732,0.7,11435.62
Katherine Grant,Female,57,30972,0.1,2054.86
Anthony Brown,Male,33,40103,0.8,12004.12
Paul Williams,Male,34,56497,0.4,7529.94
Robin Solis MD,Female,42,49924,1,19496.2
Elizabeth Castillo DVM,Male,34,40288,0.6,6008.64
Antonio Rodriguez,Female,58,89116,0.8,14764.64
John Kelly,Female,45,23183,0.2,4231.83
Michael Stone,Male,45,24079,0.2,2840.79
Tara Bean,Female,63,24166,0.5,9104.15
Joshua Brown,Female,34,65065,0.5,6626.625
Derrick Miller,Male,41,64400,0.9,11898
Kelly Beck,Male,53,84940,0.1,1924.7
Shaun Barnett,Female,58,38044,0.6,12541.32
Jody Williams,Female,24,52967,1,9648.35
Sheryl Cook,Male,24,83605,0.1,1218.025
Joseph Caldwell,Male,51,32689,0.9,16771.005
Morgan Williams,Male,63,50166,0.7,12255.81
Jeffrey Nicholson,Male,30,40704,0.5,8517.6
Erin Proctor,Female,64,48320,0.8,15532.8
Nicholas Moore,Male,38,93544,0.1,1967.72
Jonathon Lara,Female,23,62371,0.1,1511.855
Carla Nielsen,Male,23,35028,0.3,3525.42
Scott Thompson,Male,63,87201,0.9,19224.045
Seth Vaughan,Female,40,74344,0.9,14145.48
Alexandra Baker,Female,52,30534,1,15526.7
Tony Jones,Female,47,58871,0.4,7177.42
Thomas Young,Female,58,24108,0.1,2020.54
Debra Fleming,Female,18,61040,0.6,6031.2
Emily Ortiz,Female,53,52612,0.9,14967.54
Jennifer Hayes,Male,26,70936,0.7,9482.76
David Simmons,Male,35,60992,0.9,14444.64
Samantha Jones,Female,49,75529,0.6,9465.87
Taylor Peterson,Male,28,82563,0.7,10589.705
Joshua Grant,Male,19,60409,0.2,1604.09
David Lee,Male,29,21991,0.6,10259.73
Virginia Wolfe,Female,51,89118,0.4,7382.36
William Davidson,Female,49,72981,0.7,14454.335
Anna Schroeder,Male,48,88712,0.6,10461.36
James Henderson,Male,30,49007,0.5,6725.175
Steven Wagner,Male,27,91325,0.1,1756.625
Steven Novak,Male,29,40557,0.4,7211.14
Sean Evans,Male,53,52499,0.9,15862.455
Charles Molina,Male,37,46186,0.1,2030.93
Cynthia Oneal,Male,44,86260,0.7,15619.1
Nathaniel Peters,Female,31,33505,0.3,5902.575
Daniel Chen,Male,23,21382,0.4,2427.64
Benjamin Murphy,Female,65,56148,0.7,17365.18
John White,Female,40,30044,0.3,5550.66
Brian Moreno,Male,55,25943,0.1,1629.715
Matthew Duncan,Male,50,52635,0.8,16505.4
Shannon Hogan,Male,63,21768,1,18088.4
Steven Klein,Female,27,68106,0.5,9202.65
Christopher Collins,Female,50,22949,0.8,12917.96
Kendra Mcclain,Male,64,64482,0.8,18579.28
Juan Wade,Female,37,82317,0.5,9557.925
Alyssa Christensen,Female,62,99048,0.7,16766.68
Leslie Esparza,Female,43,94017,0.4,8680.34
Dan Frank,Male,30,54754,0.9,14163.93
Bonnie Rojas,Male,28,64789,0.5,9619.725
Charlotte Fuentes,Female,45,89038,0.1,2445.19
Jessica Johnson,Male,64,80138,0.2,4201.38
Chelsea Allen,Male,19,53600,0.1,768
Jeffrey Brown,Male,31,67235,1,14361.75
Mary Welch,Male,35,22706,1,9135.3
Benjamin Simmons,Female,28,71517,0.8,13260.68
Terry Meza,Female,65,31509,1,20575.45
Justin Herrera,Male,45,42569,0.1,1212.845
Michelle Schneider,Female,56,47343,0.7,14957.005
Holly Sweeney,Female,30,43437,0.8,12137.48
Marissa Lin,Male,60,96913,0.4,9938.26
Tammy Kennedy,Male,18,99230,0.1,1796.15
Jared Vazquez,Male,59,74961,0.5,7874.025
James Howard,Male,39,64450,0.3,3966.75
Rodney Bowen,Female,38,83078,1,24153.9
Aaron Hughes,Female,39,80117,0.3,4801.755
Olivia Petty,Female,24,99692,0.8,15987.68
John Lewis,Male,44,36567,0.2,3965.67
Nicole Cook DDS,Male,55,83213,0.5,9580.325
Ashley Cruz,Male,61,54370,0.5,11359.25
Pamela Cunningham,Female,25,21058,0.1,805.29
Kelly Graves,Male,56,36104,0.7,11763.64
Jeff Smith,Female,42,61063,0.3,4515.945
Samantha Mathews,Female,23,26384,0.4,4527.68
Joshua Johnson,Male,44,98522,0.7,10448.27
Brian Houston,Female,26,73047,0.9,19487.115
Justin Smith,Female,21,93474,0.3,4402.11
Regina Reilly,Male,59,31702,1,16585.1
Kevin Ruiz,Female,48,53123,0.4,7862.46
Robert Stone,Male,43,88612,0.2,2886.12
Maria Smith,Female,18,38461,0.9,10730.745
George Herrera,Male,26,20842,0.6,8425.26
Christopher Mcdaniel,Female,27,31290,0.6,6938.7
Michael Silva,Female,31,63491,0.8,16939.64
Lisa King,Male,48,61356,0.8,10454.24
Vincent Ballard,Female,42,92257,0.7,17228.995
Jacob Park,Male,51,38838,0.7,11859.33
Tina Sanders,Female,50,29236,0.3,4938.54
Jamie King,Male,27,94082,0.2,4140.82
Nathaniel Martinez III,Male,60,94093,0.5,10852.325
Julia Keller,Female,40,97525,0.6,14925.75
Bryan Hood,Female,65,50447,0.9,19370.115
Amber Martinez,Female,20,64861,0.9,13718.745
Jerry Gonzales,Male,18,82297,0.2,1822.97
Maureen Castro,Female,41,91532,0.1,1957.66
Adam Nelson,Male,51,94698,0.6,10040.94
Regina Douglas,Female,20,64683,0.5,6617.075
Randy Gregory,Female,49,20170,0.4,8403.4
Cindy Graham,Female,59,41065,0.1,2105.325
Yolanda Thompson,Female,65,70498,0.5,10262.45
Michele Villa,Female,61,23577,0.8,14543.08
Jessica Nguyen,Male,57,61320,1,23066
Mary Hughes,Female,38,87161,0.7,13550.635
Michael Byrd,Male,43,69936,0.5,9248.4
Douglas Anderson,Male,33,51692,0.9,14026.14
Angela Soto,Female,55,51216,1,24560.8
Deborah Summers,Male,39,51925,0.3,5278.875
Nicole Gray,Male,34,78575,0.8,9543
Shannon Davis,Male,31,99329,0.4,7186.58
Erin Osborne,Male,63,47563,0.5,11189.075
Jason Smith,Female,42,66392,0.7,12823.72
Jordan Thomas,Male,38,45177,0.4,4903.54
Abigail Hood,Male,56,30608,0.5,10765.2
Frank Allen,Female,50,75021,0.6,14250.63
Veronica Miller,Female,61,35077,0.1,1575.385
Vanessa Burns,Male,39,93240,0.8,15729.6
Douglas Owens,Female,37,69148,0.4,9382.96
Lynn Andrade,Male,61,31959,0.9,12238.155
Catherine Nelson PhD,Female,19,93860,0.4,4677.2
Amber Church,Male,19,60906,0.2,1609.06
Clayton Weber,Female,55,95467,1,21773.35
Jamie Harmon,Male,51,58729,0.3,5980.935
Donald Juarez,Male,29,37052,0.4,5141.04
Mariah Ayala,Female,34,39040,1,16952
Nicole Haynes,Male,35,37871,0.7,6925.485
Kathleen Miller,Male,29,66065,0.9,10172.925
Amy Smith,Female,60,55501,0.2,3955.01
Lindsay Mendez,Female,64,20533,0.3,5407.995
Ann Gates,Male,31,36666,0.3,5349.99
Robert Conley,Male,49,48834,0.3,5232.51
Sharon Brown,Female,47,50335,0.5,11258.375
Gregory Morgan,Male,61,65849,0.8,12233.96
Ryan Yang,Female,35,48556,0.5,8713.9
Dennis Garcia,Female,53,42963,0.7,11303.705
Elizabeth Smith,Male,25,80400,0.3,3606
Rachel Haney,Female,45,43283,0.2,3432.83
Steve Stewart,Female,34,69305,0.9,16618.725
Derek Weber,Female,21,70325,0.9,16664.625
Russell Huffman,Male,26,60028,1,11001.4
Amy Brown,Female,46,81434,0.4,7628.68
Peter Garcia,Male,43,90163,0.7,10155.705
Andre Boyd,Female,25,24231,0.4,4484.62
Chelsea Mora,Male,32,98447,0.7,9045.645
Luis Marsh,Male,44,88896,0.4,6977.92
Jeffrey Ramos,Female,31,45095,0.2,2450.95
Casey Graves,Male,50,92120,1,17606
Patrick Gilbert,Female,51,54353,0.8,19774.12
Tyler Cardenas,Male,58,65268,0.4,8105.36
Laura Coleman,Male,62,77742,0.4,7554.84
Rachel Miller,Male,51,38788,0.4,5575.76
Chloe Case,Female,47,99203,0.5,8480.075
Carrie Johnson,Female,59,63128,0.5,12578.2
Timothy Miranda,Male,60,85056,0.6,9751.68
Mr. Nicholas Mason,Male,57,37838,0.7,11824.33
Rachel White,Male,33,57081,0.3,5656.215
Billy Myers,Female,51,35172,0.9,16882.74
Kara Brewer,Female,38,67119,0.4,6142.38
Ashley Greene,Female,30,69656,0.7,15037.96
Cindy Harrison,Male,20,30106,0.5,7252.65
Raymond Brown,Male,58,98952,0.8,15958.08
Laura Howard,Male,40,95054,0.7,12426.89
Jason Martinez,Male,34,40680,0.3,3010.2
Victor Allen,Female,46,25021,0.5,8125.525
John Phelps III,Male,48,32913,0.2,3329.13
Kristin Cuevas,Male,49,23946,1,11197.3
Makayla Butler,Female,23,96787,0.5,8419.675
Connie Thomas,Female,62,51141,0.2,3911.41
Charles White,Male,61,51875,0.1,2259.375
Crystal Strickland,Male,32,40230,1,13011.5
Tyrone Wilson,Male,57,33841,0.5,6846.025
Kristy Hunter,Female,24,95654,0.5,9891.35
Melissa Johnson,Female,55,29796,0.3,4646.94
Tanya Brown,Male,46,63628,0.5,9090.7
Jeffery Delacruz,Female,58,22906,0.5,11572.65
Rebecca Phelps,Male,59,31684,1,16584.2
Karen Bridges,Male,64,88536,0.4,7770.72
Jennifer Sherman,Female,46,52831,0.7,10249.085
Dawn Davies,Male,55,94643,0.9,19558.935
Patrick Watkins,Male,42,32443,0.8,13297.72
Jeremy Costa,Female,59,54317,0.5,9857.925
Jennifer Coleman,Female,23,78974,0.1,1394.87
Ryan Hall,Female,42,57400,0.9,13383
Brandy Grant DDS,Female,57,94573,0.9,24055.785
Joseph Wells,Male,30,54968,0.2,2149.68
Mary Wright,Female,42,83543,0.8,15341.72
Kristopher Brown,Female,34,99780,0.8,14391.2
John Riley,Male,35,47230,0.6,6216.9
Heather Williams,Male,34,77157,0.5,5928.925
Michael Brown,Male,38,73779,0.3,5606.685
Bryan Gonzalez,Male,59,66856,0.8,14674.24
Zachary Mason,Male,46,76057,0.7,13161.995
Karen Rodriguez,Female,44,31507,0.9,12217.815
Linda Savage,Male,46,22038,0.9,9991.71
Nicole Lee,Female,62,51122,0.7,17189.27
Stephanie Martinez,Male,58,27508,0.5,10687.7
Nicholas Thornton,Male,56,56511,0.9,17842.995
Megan Vasquez,Female,25,38933,0.1,894.665
William Rodriguez,Male,23,79288,0.4,6385.76
Kyle Anderson,Female,33,54278,0.9,18642.51
Timothy Mccann,Female,28,21946,0.2,3819.46
Cheryl May,Male,18,47226,0.5,6180.65
Vanessa Barnett,Male,52,32127,0.2,3721.27
Daniel Martin,Female,52,52222,0.2,3322.22
Christy Hays,Male,61,41702,0.3,6625.53
Patty Stokes,Female,47,77652,1,18882.6
Heather Mccarthy,Female,19,36082,0.2,1760.82
Michael Davis,Male,37,47349,0.5,10183.725
Johnny Torres,Female,64,80701,1,21035.05
Samuel Vance,Female,50,75766,0.1,1878.83
Joshua Craig,Female,55,57131,0.6,11913.93
Sarah Rowe,Female,50,81283,0.5,12032.075
Oscar Johnson,Female,40,44445,0.4,6888.9
Rhonda Molina,Female,47,68799,0.8,12351.96
Robert Davis,Female,57,22754,0.2,3627.54
Robert Hoffman,Male,47,70944,1,16547.2
Tyler Brown,Male,39,84427,0.7,9954.945
Bradley Boyd,Female,47,21561,0.4,7231.22
Anthony Thompson,Male,54,84271,0.3,4864.065
Caitlin Shelton,Male,60,56561,0.4,9131.22
Kim Spencer,Female,23,91375,0.8,9255
John Hogan,Female,63,45910,1,16295.5
Jackie Roberts,Female,36,87348,0.5,12183.7
Daniel Fox,Male,22,65368,0.7,5787.88
David Serrano,Female,59,50435,0.5,12260.875
Willie Tyler,Female,49,77006,0.5,7925.15
Matthew Duffy,Female,61,72308,0.7,14430.78
Samantha Hansen,Female,43,91783,0.6,14753.49
Samantha Roberts,Female,37,65437,0.1,1827.185
Melinda Marshall,Female,45,60679,0.2,4606.79
Stephen Williamson,Male,61,50282,0.7,13659.87
Katherine Hartman,Female,19,43992,0.8,9759.68
Scott Kelly,Male,22,99160,0.1,1295.8
Douglas Hall,Male,32,88182,0.7,8686.37
James Miller,Female,61,57937,0.7,13927.795
Connor Matthews,Male,46,40892,0.8,11235.68
Elizabeth Diaz,Male,28,82075,0.5,6051.875
Kenneth Frazier,Female,64,71273,0.1,2256.365
Andrew Davis,Female,55,80464,0.2,4604.64
Amy Thomas,Female,21,79609,0.5,6990.225
Misty Hayes,Male,53,28918,0.7,15012.13
Christie Huffman,Male,20,68345,0.1,841.725
Jennifer Joseph,Female,36,20153,0.1,1300.765
Lisa Shelton,Male,57,97851,0.3,5967.765
Brent Park,Male,48,22650,0.9,12719.25
Kyle Palmer,Male,26,28561,1,9428.05
Caleb Sullivan,Male,60,33121,0.8,13324.84
Brenda Bonilla,Male,45,82073,0.8,11282.92
Shaun Jackson,Male,50,38113,0.6,7143.39
Mary Hill,Female,64,30583,0.9,16676.235
Kaitlin Murphy,Male,20,69563,0.6,5086.89
Tina Simmons,Female,51,60201,0.4,10004.02
Gordon Jacobson,Male,54,99292,0.7,13975.22
Anthony Fox,Female,41,86244,0.6,12787.32
Robert Short,Male,19,38759,0.5,3468.975
Jacob Erickson,Male,65,44407,0.2,3444.07
Brittney Cohen,Female,49,56112,0.5,8902.8
Alicia Duncan,Male,26,66045,0.6,8581.35
Robert Freeman,Male,30,38954,0.5,8973.85
Jimmy Bowen,Male,38,51845,0.6,7555.35
Susan Carroll,Male,43,70837,0.9,16687.665
Katelyn Snyder,Male,40,50352,0.7,12262.32
Aaron Martin,Female,20,40872,0.5,7021.8
Matthew Moore,Female,20,63899,0.7,7136.465
Michael Weber,Female,18,43490,0.5,6087.25
Michael Patrick,Male,41,85198,0.4,6903.96
Katie Cunningham,Male,54,57376,0.1,2286.88
Edward Riggs,Male,34,99532,0.3,3892.98
Cassandra Armstrong,Male,39,50697,1,20534.85
Robert Hernandez,Male,53,91185,0.4,6623.7
Dana Roberts,Female,47,65435,0.6,12163.05
Keith Williams,Male,25,67668,0.3,4915.02
Kathryn Leonard,Male,48,98627,0.1,2293.135
Stephen Jones,Male,60,74182,0.7,16596.37
Bryan Williams,Male,28,69974,0.8,15598.96
Anne Stewart,Male,65,28279,0.3,5524.185
Matthew Ramirez Jr.,Male,54,44193,0.2,3841.93
Jennifer Owens,Female,27,72157,0.5,8303.925
Brooke Nelson,Male,51,90579,0.7,16470.265
Ashley Marshall,Female,49,52873,1,14643.65
Tammy Nguyen,Female,38,57342,0.7,13906.97
Denise Manning,Male,56,87337,0.9,21930.165
Gregory Nixon,Female,30,73303,0.1,1866.515
Brian Fleming,Female,19,56471,0.1,982.355
Ronald Tyler,Female,19,89930,0.6,11697.9
Melissa Atkins,Female,53,92860,0.8,21314.4
James Brown,Male,55,99582,0.6,10187.46
Charles Henderson,Female,31,28740,0.4,7774.8
Brent Baker,Male,24,36870,0.8,11874.8
Jennifer Gutierrez,Female,38,84060,0.5,9601.5
Thomas Castro,Female,49,25887,0.6,9776.61
Connor Lee,Female,50,90137,1,24506.85
Jeffery Adams,Female,24,86048,0.3,4290.72
Tiffany Reed,Male,27,45501,0.1,1527.505
Ronald Carter,Female,19,30220,1,16511
Stephanie Wagner,Male,51,81139,1,19056.95
Olivia Leon,Female,26,59644,0.6,7789.32
Jason Hayes MD,Female,26,25604,0.6,9768.12
Wanda Wiley,Male,24,60165,0.5,4004.125
Susan Juarez,Female,55,20931,0.8,14437.24
Daniel Baker,Female,43,31970,0.7,11618.95
Jessica Bell,Female,35,84592,0.7,15560.72
Jessica Tate,Female,27,75585,0.4,6711.7
Katherine Dominguez,Male,35,80946,0.6,9028.38
Joshua Rowland,Female,41,65035,0.4,9300.7
Kevin Hubbard,Female,28,64545,0.4,6490.9
Christian Black,Male,49,90344,1,14517.2
Victor Baker,Female,56,42831,0.2,4228.31
Daniel Wright,Female,60,55692,0.6,11870.76
Sarah Gibson,Male,60,69655,0.6,9289.65
Casey Mccoy,Female,38,20197,0.4,7203.94
Ian Morris,Female,60,42250,0.9,17201.25
Anthony Moore,Female,28,30401,0.9,13068.045
Amanda Cohen,Male,34,69656,0.2,2296.56
Sharon Savage,Female,43,38456,0.3,6576.84
Elizabeth Rodriguez,Male,21,35694,0.7,6849.29
Paula Branch,Male,56,30726,1,18536.3
Dr. Cory Roth,Male,55,59600,0.7,12586
Sara Marquez,Female,29,64265,0.3,5463.975
Kathleen Smith,Female,59,43226,0.3,6348.39
Samuel Fowler,Male,64,88173,0.6,11645.19
Candice Gilmore,Female,61,63517,0.9,15458.265
Shannon Campbell,Female,45,27374,0.3,6410.61
Krista Joyce,Male,40,49645,0.4,8192.9
Emily Sanders,Male,22,76912,0.2,3369.12
Charles Williams,Male,41,62252,0.3,3933.78
Angie Wheeler,Male,30,85087,0.6,10352.61
Jason Bender,Female,55,58796,0.1,2193.98
Rebecca Johnson DDS,Male,57,45652,0.9,17354.34
Tammy Camacho,Male,53,77634,0.3,6264.51
Taylor Thomas,Male,25,89489,0.9,15727.005
Katherine Parrish,Female,53,61615,1,25080.75
Jacqueline Cross,Male,39,84799,0.3,5771.985
Tiffany Young,Male,51,38324,0.1,2191.62
Tina Griffin,Male,23,34337,0.1,971.685
Mrs. Nicole Sutton MD,Female,38,28219,0.1,1641.095
Rita Poole,Male,32,70176,0.9,14857.92
Robert Scott,Male,57,47499,0.7,17062.465
Ryan Smith,Male,64,94575,0.1,1972.875
Alyssa Ortega,Male,46,40115,0.4,8002.3
John Owens,Male,22,56774,0.5,6419.35
George Golden,Female,46,84377,0.6,14531.31
Lauren Brown,Female,35,90020,0.6,13500.6
Alexis Potts,Female,43,56741,0.1,2283.705
Theresa Ryan,Female,31,72843,0.7,13049.505
Michael Sullivan,Male,65,82563,0.4,7651.26
William Richards,Male,28,55478,0.9,9696.51
Dorothy Allen,Male,50,83564,0.2,3435.64
John Little,Male,48,44076,0.2,4040.76
Scott Ramirez,Male,21,32382,1,6619.1
Adam Frazier,Male,26,67068,0.6,8612.04
Francisco Ramirez,Male,24,84001,0.3,5160.015
Alexis Davis,Male,39,98275,1,17913.75
Greg Mcgrath,Female,46,38394,0.7,9743.79
Tammy Rojas,Male,24,43321,0.5,5083.025
David Hernandez,Female,35,78404,0.6,10152.12
Matthew Collins,Male,52,71944,0.1,1559.72
Jordan Rodriguez,Male,21,77042,0.4,5540.84
Anthony Norris,Female,39,63019,0.2,3030.19
Janet Reyes,Female,48,52114,0.7,13723.99
Laura Potter,Male,63,63459,0.3,6051.885
Mr. Jason Conway DDS,Female,23,20814,1,16040.7
Nathan Wagner,Male,58,93113,1,19655.65
Marie Brown,Female,39,71060,0.5,7776.5
Joe Fry,Female,47,73015,0.1,1565.075
Mrs. Cynthia Murphy,Male,47,59397,0.6,9581.91
Evan Carter,Male,37,78285,0.1,2191.425
Betty Frazier,Female,56,74277,0.1,2071.385
Leslie May,Male,37,30257,0.7,10158.995
Charles Johns,Female,50,75070,0.6,11252.1
Patricia Horn,Female,26,30804,0.2,2908.04
Kimberly Burke,Male,33,82700,0.4,6054
Jennifer Leach,Female,19,54643,0.6,8839.29
Sarah Cortez,Female,55,88051,0.1,2640.255
Patrick Hernandez,Female,37,49206,0.8,17968.24
Justin Perkins,Female,18,48098,1,14404.9
Ryan Davis,Female,40,43207,0.5,8580.175
Michael Scott,Male,30,69542,0.3,4943.13
Barbara Blanchard,Female,37,73179,0.1,1865.895
Christina Morris,Male,60,71161,0.7,12990.635
Kelly Morales DDS,Male,23,90214,0.2,2502.14
Andrea Harrison,Female,31,93124,1,22656.2
Andrea Thomas,Male,24,99376,1,12968.8
Jeffrey Reilly,Male,56,54101,0.4,9082.02
David Hood,Male,52,29603,0.1,2148.015
Douglas Gonzales,Male,59,42457,0.8,13698.28
Sylvia Hughes,Male,60,95351,1,21767.55
Jeffrey Levy,Male,23,91482,0.1,1457.41
Eric Gray,Female,57,91637,0.4,9432.74
Tyler Burton,Female,55,95225,0.7,13132.875
Amy Butler,Male,40,56694,0.6,10700.82
Sarah Williams,Female,24,66151,0.1,1330.755
Melvin Johnson,Male,64,21110,0.7,14738.85
Melissa Fisher,Female,32,58522,0.1,2092.61
Victoria Smith,Female,29,21794,0.1,1108.97
Barbara Murphy,Male,23,70287,1,16514.35
Wanda Ward,Male,29,23907,0.1,919.535
Joshua Ross,Female,43,42434,0.7,13385.19
Danielle Clay,Female,19,87998,0.4,7759.96
Candice Chase,Female,50,24226,0.7,11347.91
Andrea Reeves,Male,49,64340,0.8,12973.6
Cynthia Nunez,Male,64,47834,0.1,1739.17
John Osborne,Male,30,62407,0.6,9672.21
Deborah Crawford,Female,64,43658,1,19182.9
Mike Campbell,Male,64,27243,0.7,14253.505
Cathy Campos,Female,25,69806,0.4,5396.12
Mikayla Foster,Female,44,93412,0.8,15736.48
Michael Owens,Female,57,88787,0.4,7375.74
Timothy Miller,Female,31,49392,1,20469.6
Deborah Martinez,Male,64,40091,0.3,4201.365
Natalie Bell,Male,37,34914,0.3,5023.71
Kimberly Duncan,Male,57,53608,0.1,2268.04
Gregory Gonzalez,Male,41,87512,0.4,5750.24
James Allen,Female,63,74625,0.1,2273.125
Lauren Taylor,Female,33,64200,0.2,3242
Jennifer Liu,Female,62,68641,0.5,12716.025
Krystal Mitchell,Female,21,67077,0.5,5176.925
Miss Jessica Ramirez,Female,30,51612,0.4,6232.24
Renee Reid,Female,30,90114,0.5,7252.85
Jennifer Moore,Male,60,71206,0.1,2056.03
Megan Proctor,Male,52,34355,0.5,10858.875
Amy Knight,Male,63,31248,0.2,3712.48
Darren Wilson,Female,50,43523,0.3,5752.845
Jesse Williams,Female,25,42802,0.8,11312.08
Gregory Mccarthy,Male,36,30182,0.8,11607.28
Ann Kent,Female,30,55201,0.6,12456.03
Johnny Hall,Male,24,66037,0.9,14671.665
David Thompson,Male,26,72566,0.8,15702.64
Morgan Caldwell,Female,38,38475,0.5,10961.875
Mark Peterson,Female,20,80763,1,11038.15
Veronica Garcia,Male,29,71628,0.4,4632.56
Allison Gonzalez,Male,36,96477,0.5,11411.925
Ernest Christensen,Male,52,72988,0.7,10954.58
Kenneth Ballard,Female,51,52164,0.3,5882.46
Tyler Wallace,Male,59,90162,1,16508.1
Christopher Chapman,Female,27,83622,0.9,17262.99
Maria Morse,Female,33,98404,1,17920.2
Dr. Emily Clark,Female,29,22852,0.6,8485.56
Carolyn Simon,Male,27,99484,0.4,7189.68
Anne Larson,Male,24,88549,1,17427.45
Brent Chapman,Male,62,63928,1,22196.4
Joshua Carey,Male,23,72951,0.5,4323.775
Chelsea Miller,Female,50,97108,0.6,11913.24
Sara White,Male,34,36687,0.1,1783.435
Lisa Velasquez,Male,60,56832,0.6,13704.96
Brent Mccoy,Female,34,64992,0.6,7949.76
Aimee Morrison,Male,58,67452,0.6,12223.56
Crystal Hughes,Female,63,22283,0.7,12679.905
Amy Kennedy,Female,58,99016,0.1,2695.08
Stephanie Davis,Male,52,23171,0.7,12710.985
Theresa Lambert,Male,27,26649,0.9,11099.205
Sandra Shea,Male,36,51774,1,17588.7
Thomas Savage,Male,23,61600,0.5,8040
Charles Simon,Male,19,56048,0.7,11061.68
Michael Jones,Male,31,21424,0.3,5121.36
Melissa Horn,Male,18,32036,0.6,3961.08
James Allen,Male,21,85062,0.5,6126.55
Robert Macias DVM,Female,37,85161,1,21258.05
James Love,Male,50,37027,0.4,5940.54
Angela Long,Male,32,33833,0.1,1269.165
Kimberly Blackwell,Male,56,79396,0.8,19175.84
Hector Moyer,Male,43,88436,0.4,7768.72
Edward Martin,Female,26,72673,1,18633.65
Mrs. Helen Sanchez,Male,51,94796,1,24739.8
Daniel Schultz,Female,33,92967,0.5,9824.175
Reginald Livingston,Male,65,95144,0.5,10878.6
Joseph Jones,Female,62,78546,0.2,5185.46
William Bell,Female,55,29992,0.7,14349.72
Nancy Collins,Male,39,63133,1,13156.65
Joseph Hess,Male,24,22397,0.1,611.985
Brooke Carter,Female,37,87741,0.1,1638.705
Justin Blanchard,Male,49,87463,0.5,9686.575
Jason Allen,Male,34,99090,0.8,16763.6
Heather Hansen,Female,48,21952,1,18097.6
Alan Arias MD,Female,56,64790,0.2,3447.9
Brittany Ramsey,Female,27,54374,0.6,12431.22
George Flores,Male,35,92243,0.8,12489.72
Francisco Obrien,Female,47,32318,0.2,4323.18
Jillian Hoffman,Male,61,52896,0.6,8786.88
Nathan Jones,Female,39,70317,0.6,9309.51
James James,Female,29,25808,0.9,17361.36
Lisa Davis,Female,50,55406,1,19770.3
Gregory Taylor,Female,58,65749,0.1,1728.745
Adam Ruiz,Male,46,58611,0.5,8965.275
Angela Thompson,Male,49,40678,0.4,8013.56
Christopher Cooper,Male,40,26247,0.7,7918.645
Alexandra Nichols,Female,46,62523,0.1,1512.615
James Ewing,Male,61,52773,0.4,9055.46
Deborah Yu,Male,62,33460,0.7,15171.1
Debra Thomas,Male,53,33722,0.3,5605.83
Cindy Singh,Male,21,75457,0.9,12395.565
Danny Lutz,Female,60,63714,0.8,13748.56
Emily Campbell,Female,55,63828,0.4,8876.56
Dr. Ashley Lopez,Male,21,88592,0.1,1742.96
Gary Jones,Female,61,25588,0.9,18251.46
Cameron Daniels,Male,30,23947,0.9,10977.615
Natasha Bennett,Male,38,94979,0.8,14199.16
Elizabeth Harris,Female,52,43552,0.8,19342.08
Jordan Harper,Male,34,67276,0.5,5681.9
Michelle Nichols,Female,65,50017,0.7,15050.595
James Lopez,Male,18,37793,1,6889.65
David Bennett,Male,39,25449,0.9,10145.205
John Lowery,Male,28,38291,0.3,2974.365
Wendy Norman,Male,53,70979,0.1,2354.895
Jacob Rios,Female,41,93859,0.1,2169.295
Shannon Page,Male,33,68148,0.6,9844.44
Eric Powers,Female,23,28482,0.7,9396.87
Rodney Mejia,Male,30,39701,0.4,6794.02
Maria Jackson,Male,51,86267,0.2,3862.67
Glenn Davis,Male,38,66881,0.5,8172.025
Daniel Hunt,Female,47,44238,0.7,15548.33
Michelle Roman,Female,44,61578,0.3,4523.67
Bonnie Hansen,Male,34,78670,0.2,3386.7
Renee Jackson,Female,41,66114,0.3,6091.71
Stephen Morrow,Male,44,40671,1,15033.55
Luis Shaw,Female,47,20206,0.6,9606.18
Roger Martin,Male,26,73630,1,19681.5
Blake Sanchez,Male,24,57931,1,15896.55
Veronica Sellers,Male,62,20403,1,21020.15
Lisa Hendrix,Female,32,84710,1,22235.5
Jonathan Dorsey,Female,45,28001,0.5,10700.025
Cassandra Watson,Male,29,35972,0.9,13318.74
Logan Reynolds,Female,57,95396,0.7,15238.86
Cindy Pena,Male,32,22330,0.8,11293.2
Rickey Hernandez,Female,38,86587,0.4,8531.74
Julie Knox,Male,37,38010,0.5,9950.25
Margaret Tran,Female,31,57605,1,12880.25
Tonya Arnold,Male,45,48924,1,12446.2
Derek Larson,Male,42,95660,0.9,17804.7
Taylor Williams,Male,30,94002,0.8,16560.08
Robert Keith,Female,41,24034,1,16201.7
Ryan Smith,Female,43,60588,0.3,6008.82
Jonathon Holder,Female,36,72059,1,20602.95
Kathryn Silva,Female,33,43961,0.8,12158.44
Charles Jimenez,Male,47,46541,0.9,18294.345
Linda Bennett,Female,36,60515,0.5,7512.875
Bonnie Odom,Male,28,60282,0.3,4204.23
James Mckee,Female,28,95620,1,17781
Lisa Stone,Male,28,36579,0.5,4914.475
Douglas Scott,Female,54,44343,0.1,2121.715
Kelly Fuller,Female,35,74219,0.5,6855.475
Morgan Norman,Female,39,92706,0.9,14971.77
Diane Singh,Male,21,75594,1,13779.7
Daniel Powell,Female,48,35639,0.7,11747.365
Lauren Fisher,Male,44,91499,0.6,11744.97
Jeanne Perez,Male,64,21213,0.3,3918.195
Brenda Long,Female,42,68834,0.6,9265.02
Briana Moore,Female,51,33767,1,15688.35
Heidi Lozano,Male,53,62304,0.9,16303.68
Linda Day,Male,43,30880,0.1,1154.4
Christopher Jones,Female,58,73963,1,20698.15
Molly Rodriguez,Male,62,47156,0.6,13414.68
James Hall,Male,23,55825,0.4,4316.5
Ryan Acevedo,Male,60,70421,0.7,12964.735
Robin Huynh,Male,30,88458,0.5,6211.45
Mark Wright,Male,44,67573,0.6,8027.19
Michael Andrews,Male,34,95920,0.4,8318.4
Dr. Brian Williams,Male,54,54788,0.7,10317.58
Tammy Roberts,Male,59,33096,0.6,8192.88
Brooke Smith,Male,39,32823,0.4,6656.46
Adrian Wise,Male,37,71323,0.8,10852.92
Paul Maldonado,Female,27,37098,0.4,5941.96
Jennifer Caldwell,Male,26,81298,0.8,9651.92
Jennifer Reed,Male,53,52440,0.4,9048.8
Justin Johnston,Male,57,42895,0.5,9572.375
Chad Wu,Female,24,46459,0.8,13858.36
James Oliver,Female,34,79336,0.3,5090.04
James Jones,Male,56,65975,0.7,16309.125
Timothy Malone,Female,34,37155,1,14857.75
Latoya Stuart,Female,52,50725,1,16536.25
Kimberly Murphy,Female,40,60052,0.8,12002.08
Jesus Sanders,Female,31,57925,1,15896.25
Eddie Clark,Male,38,24581,0.7,11360.335
Patricia Cline,Male,64,26324,0.1,1331.62
Michael Schneider,Female,44,63465,0.1,2317.325
Ian Phillips,Female,53,75148,0.5,8878.7
Scott Lopez,Male,65,25826,0.1,1829.13
Rodney May,Male,40,88912,0.2,2889.12
Kimberly Howard,Male,54,97603,1,19880.15
Andre Wagner,Male,44,34195,0.3,4112.925
Linda Hunter,Male,25,50324,0.8,8412.96
Bradley Anderson,Female,56,46752,0.1,2433.76
William Wright,Female,51,49951,0.3,4949.265
Joanne Watson,Female,43,52276,0.4,5845.52
Vincent Wallace,Male,25,84339,0.7,12051.865
Jennifer Malone,Male,34,92407,0.7,8834.245
Laura Wright MD,Female,27,26321,0.5,7158.025
Jason Haas,Female,42,98170,0.7,17435.95
Sharon Valdez,Male,39,59174,0.9,11662.83
Andrew Taylor,Male,50,59808,0.4,7196.16
Jessica Johnson,Female,50,58272,0.7,13939.52
Brian Williams,Male,38,32512,0.5,8312.8
